{
  "i18n/i18n.properties": 1683035765667,
  "i18n/i18n_de.properties": 1683035765667,
  "i18n/i18n_en.properties": 1683035765667,
  "manifest.json": 1683037156952,
  "controller/Main.controller.js": 1683037624903,
  "controller/Main.controller.js.map": 1683037625284,
  "model/formatter.js": 1683037624913,
  "model/formatter.js.map": 1683037625279,
  "model/models.js": 1683037624920,
  "model/models.js.map": 1683037625279,
  "controller/BaseController.js": 1683037624947,
  "controller/BaseController.js.map": 1683037625266,
  "controller/App.controller.js": 1683037624959,
  "controller/App.controller.js.map": 1683037625279,
  "Component.js": 1683037624973,
  "Component.js.map": 1683037625296,
  "controller/Main-dbg.controller.js": 1683037624903,
  "model/formatter-dbg.js": 1683037624913,
  "model/models-dbg.js": 1683037624920,
  "controller/BaseController-dbg.js": 1683037624947,
  "controller/App-dbg.controller.js": 1683037624959,
  "Component-dbg.js": 1683037624973,
  "Component-preload.js": 1683037625485,
  "Component-preload.js.map": 1683037625485,
  "view/Main.view.xml": 1683035765667,
  "view/App.view.xml": 1683035765667,
  "model/models.ts": 1683035765667,
  "model/formatter.ts": 1683035765667,
  "img/star-wars-intro.png": 1683035765667,
  "controller/Main.controller.ts": 1683035765667,
  "controller/BaseController.ts": 1683035765667,
  "controller/App.controller.ts": 1683035765667,
  "index.html": 1683035765667,
  "Component.ts": 1683035765667
}